{
  "weights": "runs\\train\\rain_yolo_multiclass_v1(final)\\weights\\best.pt",
  "data": "datasets\\rsod\\raindataset\\data.yaml",
  "split": "test",
  "conf": 0.001,
  "iou": 0.6,
  "imgsz": 640,
  "batch": 4,
  "device": "0",
  "created_at": "2026-07-13T14:40:47",
  "overall": {
    "precision": 0.47622,
    "recall": 0.688186,
    "map50": 0.514329,
    "map50_95": 0.320365
  },
  "per_class": {
    "car": {
      "ap50": 0.744011,
      "ap50_95": 0.49559
    },
    "person": {
      "ap50": 0.73015,
      "ap50_95": 0.431522
    },
    "motorcycle": {
      "ap50": 0.494257,
      "ap50_95": 0.285571
    },
    "bus": {
      "ap50": 0.427124,
      "ap50_95": 0.276728
    },
    "truck": {
      "ap50": 0.176104,
      "ap50_95": 0.112412
    }
  },
  "artifacts_dir": "models\\eval_report\\rain_yolo_multiclass_v1_final_test"
}